{
  "NERRE": {
    "metrics": {
      "precision": 0.9594594594594594,
      "recall": 0.9861111111111112,
      "f1": 0.9726027397260274,
      "tp": 71,
      "fp": 3,
      "fn": 1
    },
    "time": 0.6869523525238037
  },
  "GLiNER": {
    "metrics": {
      "precision": 0.9782608695652174,
      "recall": 0.7377049180327869,
      "f1": 0.8411214953271028,
      "tp": 45,
      "fp": 1,
      "fn": 16
    },
    "time": 71.44743585586548
  },
  "spaCy": {
    "metrics": {
      "precision": 0.9714285714285714,
      "recall": 0.5573770491803278,
      "f1": 0.7083333333333333,
      "tp": 34,
      "fp": 1,
      "fn": 27
    },
    "time": 0.07447028160095215
  }
}