{
  "NERRE": {
    "entity_f1": 0.9041095890410958,
    "relation_strict_f1": 0.7538940809968847,
    "relation_relaxed_f1": 0.7870967741935485,
    "time": 2.2664623260498047
  },
  "NERRE (t=0.3)": {
    "entity_f1": 0.8967391304347827,
    "relation_strict_f1": 0.7575757575757575,
    "relation_relaxed_f1": 0.7899686520376176,
    "time": 2.2221972942352295
  },
  "GLiNER": {
    "entity_f1": 0.8711656441717792,
    "relation_strict_f1": null,
    "relation_relaxed_f1": null,
    "time": 383.4279553890228
  },
  "NuNER Zero": {
    "entity_f1": 0.8184818481848185,
    "relation_strict_f1": null,
    "relation_relaxed_f1": null,
    "time": 761.5126571655273
  },
  "spaCy": {
    "entity_f1": 0.6575342465753424,
    "relation_strict_f1": null,
    "relation_relaxed_f1": null,
    "time": 0.36801576614379883
  },
  "SpERT (Reference)": {
    "model": "SpERT",
    "paper": "Eberts & Ulges, ECAI 2020",
    "datasets": {
      "CoNLL04": {
        "entity_f1": 0.8821,
        "relation_f1": 0.7261
      },
      "SciERC": {
        "entity_f1": 0.7087,
        "relation_f1": 0.4803
      },
      "ADE": {
        "entity_f1": 0.8942,
        "relation_f1": 0.7917
      }
    },
    "note": "SpERT requires task-specific training. Repository archived April 2025."
  }
}